Time; Virtual x;Virtual y; Virtual angle; Eodom x; Eodom y; Eodom angle; Ecam x; Ecam y; Ecam angle; Ek x; Ek y ; Ek angle; Ykx; Yky; Yk angle
0,000;0,000;0,000;0,000;0,000;0,000;0,000;0,000;0,000;0,000;1,000;1,000;1,000;0,000;0,000;0,000
0,020;0,000;0,000;0,000;0,000;0,000;0,000;0,000;0,000;0,000;1,000;1,000;1,000;0,000;0,000;0,000
0,353;0,043;0,000;0,000;0,019;0,038;1,571;0,026;0,019;1,571;0,024;0,024;1,571;0,008;-0,019;0,000
0,496;0,066;0,000;0,000;0,036;0,042;1,571;0,056;0,002;1,571;0,050;0,013;1,571;0,020;-0,040;0,000
0,567;0,078;0,000;0,000;0,095;0,055;1,571;0,095;-0,005;1,571;0,095;0,012;1,571;0,001;-0,059;0,000
0,602;0,085;0,000;0,000;0,091;-0,022;1,571;0,072;-0,001;1,571;0,078;-0,007;1,571;-0,019;0,021;0,000
0,638;0,090;0,000;0,000;0,086;-0,030;1,571;0,084;-0,017;1,571;0,085;-0,021;1,571;-0,002;0,012;0,000
0,667;0,095;0,000;0,000;0,072;0,013;1,571;0,082;0,005;1,571;0,079;0,008;1,571;0,010;-0,008;0,000
0,695;0,100;0,000;0,000;0,118;0,013;1,571;0,095;0,014;1,571;0,101;0,014;1,571;-0,024;0,001;0,000
0,720;0,104;0,000;0,000;0,094;-0,019;1,571;0,123;-0,008;1,571;0,115;-0,011;1,571;0,028;0,011;0,000
0,745;0,109;0,000;0,000;0,079;0,037;1,571;0,115;0,010;1,571;0,105;0,018;1,571;0,036;-0,027;0,000
0,777;0,114;0,000;0,000;0,144;0,002;1,571;0,126;0,017;1,571;0,131;0,013;1,571;-0,018;0,015;0,000
0,806;0,119;0,000;0,000;0,105;0,045;1,571;0,135;-0,003;1,571;0,126;0,011;1,571;0,029;-0,047;0,000
0,838;0,124;0,000;0,000;0,170;0,053;1,571;0,117;0,016;1,571;0,132;0,026;1,571;-0,053;-0,037;0,000
0,874;0,131;0,000;0,000;0,105;-0,028;1,571;0,147;-0,009;1,571;0,135;-0,015;1,571;0,041;0,019;0,000
0,906;0,136;0,000;0,000;0,150;0,004;1,571;0,155;0,012;1,571;0,154;0,010;1,571;0,005;0,008;0,000
0,932;0,141;0,000;0,000;0,131;-0,004;1,571;0,145;-0,008;1,571;0,141;-0,007;1,571;0,014;-0,004;0,000
0,954;0,144;0,000;0,000;0,191;0,039;1,571;0,125;0,017;1,571;0,144;0,023;1,571;-0,066;-0,021;0,000
0,979;0,148;0,000;0,000;0,130;-0,042;1,571;0,145;0,013;1,571;0,141;-0,002;1,571;0,015;0,055;0,000
1,004;0,153;0,000;0,000;0,153;0,012;1,571;0,147;-0,004;1,571;0,149;0,000;1,571;-0,006;-0,016;0,000
1,029;0,156;0,000;0,000;0,151;0,008;1,571;0,144;-0,003;1,571;0,146;0,000;1,571;-0,008;-0,011;0,000
1,056;0,161;0,000;0,000;0,191;0,032;1,571;0,179;0,005;1,571;0,182;0,013;1,571;-0,012;-0,027;0,000
1,082;0,167;0,000;0,000;0,176;0,068;1,571;0,148;-0,002;1,571;0,156;0,018;1,571;-0,029;-0,070;0,000
1,112;0,172;0,000;0,000;0,123;0,053;1,571;0,164;-0,017;1,571;0,152;0,002;1,571;0,041;-0,071;0,000
1,139;0,175;0,000;0,000;0,167;0,060;1,571;0,164;0,002;1,571;0,165;0,018;1,571;-0,003;-0,058;0,000
1,168;0,180;0,000;0,000;0,201;-0,008;1,571;0,165;0,009;1,571;0,175;0,005;1,571;-0,036;0,017;0,000
1,197;0,185;0,000;0,000;0,189;0,016;1,571;0,176;0,018;1,571;0,179;0,018;1,571;-0,013;0,003;0,000
1,229;0,190;0,000;0,000;0,188;-0,031;1,571;0,187;-0,012;1,571;0,188;-0,017;1,571;-0,001;0,019;0,000
1,260;0,195;0,000;0,000;0,180;-0,019;1,571;0,193;0,000;1,571;0,189;-0,005;1,571;0,012;0,020;0,000
1,283;0,201;0,000;0,000;0,170;0,056;1,571;0,215;0,000;1,571;0,203;0,016;1,571;0,045;-0,056;0,000
1,309;0,204;0,000;0,000;0,209;-0,053;1,571;0,202;0,002;1,571;0,204;-0,013;1,571;-0,006;0,056;0,000
1,337;0,209;0,000;0,000;0,252;-0,015;1,571;0,212;-0,017;1,571;0,223;-0,017;1,571;-0,040;-0,002;0,000
1,363;0,214;0,000;0,000;0,207;-0,015;1,571;0,213;-0,020;1,571;0,212;-0,018;1,571;0,006;-0,005;0,000
1,384;0,218;0,000;0,000;0,182;-0,021;1,571;0,224;-0,003;1,571;0,213;-0,008;1,571;0,043;0,018;0,000
1,411;0,223;0,000;0,000;0,180;-0,003;1,571;0,223;-0,007;1,571;0,211;-0,006;1,571;0,042;-0,004;0,000
1,439;0,226;0,000;0,000;0,220;-0,029;1,571;0,227;0,006;1,571;0,225;-0,004;1,571;0,008;0,035;0,000
1,466;0,231;0,000;0,000;0,180;-0,024;1,571;0,231;-0,018;1,571;0,217;-0,020;1,571;0,050;0,006;0,000
1,494;0,236;0,000;0,000;0,197;0,027;1,571;0,233;-0,015;1,571;0,223;-0,003;1,571;0,036;-0,043;0,000
1,536;0,243;0,000;0,000;0,219;0,022;1,571;0,231;0,003;1,571;0,228;0,008;1,571;0,012;-0,019;0,000
1,581;0,252;0,000;0,000;0,240;0,025;1,571;0,232;-0,007;1,571;0,234;0,002;1,571;-0,009;-0,032;0,000
1,633;0,260;0,000;0,000;0,304;-0,013;1,571;0,275;-0,010;1,571;0,283;-0,011;1,571;-0,029;0,003;0,000
1,676;0,267;0,000;0,000;0,238;0,035;1,571;0,262;0,013;1,571;0,255;0,019;1,571;0,024;-0,023;0,000
1,709;0,272;0,000;0,000;0,299;-0,048;1,571;0,255;0,006;1,571;0,267;-0,009;1,571;-0,044;0,054;0,000
1,837;0,294;0,000;0,000;0,276;-0,036;1,571;0,313;-0,006;1,571;0,303;-0,014;1,571;0,037;0,031;0,000
1,931;0,311;0,000;0,000;0,285;0,021;1,571;0,324;-0,020;1,571;0,313;-0,008;1,571;0,040;-0,041;0,000
1,965;0,316;0,000;0,000;0,320;-0,028;1,571;0,317;0,015;1,571;0,318;0,003;1,571;-0,003;0,042;0,000
1,993;0,321;0,000;0,000;0,327;-0,003;1,571;0,314;0,000;1,571;0,318;-0,001;1,571;-0,013;0,003;0,000
2,017;0,325;0,000;0,000;0,275;-0,024;1,571;0,327;0,007;1,571;0,313;-0,001;1,571;0,052;0,031;0,000
2,044;0,330;0,000;0,000;0,348;-0,038;1,571;0,317;0,007;1,571;0,326;-0,006;1,571;-0,031;0,045;0,000
2,072;0,335;0,000;0,000;0,326;-0,019;1,571;0,321;0,017;1,571;0,323;0,007;1,571;-0,005;0,036;0,000
2,102;0,340;0,000;0,000;0,316;-0,006;1,571;0,349;0,004;1,571;0,340;0,001;1,571;0,034;0,010;0,000
2,131;0,345;0,000;0,000;0,370;-0,017;1,571;0,362;-0,012;1,571;0,364;-0,013;1,571;-0,009;0,005;0,000
2,159;0,349;0,000;0,000;0,321;0,045;1,571;0,342;-0,002;1,571;0,336;0,011;1,571;0,021;-0,047;0,000
2,186;0,354;0,000;0,000;0,316;0,020;1,571;0,367;0,002;1,571;0,353;0,007;1,571;0,050;-0,019;0,000
2,220;0,360;0,000;0,000;0,384;-0,015;1,571;0,358;0,010;1,571;0,365;0,003;1,571;-0,026;0,025;0,000
2,267;0,367;0,000;0,000;0,382;0,011;1,571;0,351;-0,013;1,571;0,359;-0,007;1,571;-0,031;-0,024;0,000
2,313;0,376;0,000;0,000;0,414;0,025;1,571;0,368;0,002;1,571;0,381;0,008;1,571;-0,045;-0,023;0,000
2,347;0,381;0,000;0,000;0,356;-0,039;1,571;0,376;-0,011;1,571;0,370;-0,019;1,571;0,020;0,028;0,000
2,381;0,388;0,000;0,000;0,336;-0,009;1,571;0,386;0,018;1,571;0,372;0,010;1,571;0,050;0,027;0,000
2,414;0,393;0,000;0,000;0,384;-0,021;1,571;0,394;-0,003;1,571;0,392;-0,008;1,571;0,010;0,019;0,000
2,444;0,398;0,000;0,000;0,448;-0,030;1,571;0,409;-0,016;1,571;0,420;-0,020;1,571;-0,039;0,014;0,000
2,476;0,403;0,000;0,000;0,390;-0,053;1,571;0,420;0,003;1,571;0,412;-0,013;1,571;0,030;0,056;0,000
2,506;0,408;0,000;0,000;0,446;-0,013;1,571;0,414;-0,019;1,571;0,422;-0,017;1,571;-0,032;-0,006;0,000
2,534;0,413;0,000;0,000;0,369;-0,029;1,571;0,405;-0,002;1,571;0,395;-0,010;1,571;0,036;0,027;0,000
2,561;0,418;0,000;0,000;0,385;0,052;1,571;0,430;-0,010;1,571;0,417;0,007;1,571;0,045;-0,063;0,000
2,589;0,422;0,000;0,000;0,392;0,049;1,571;0,420;0,017;1,571;0,412;0,026;1,571;0,027;-0,031;0,000
2,624;0,428;0,000;0,000;0,386;0,004;1,571;0,431;0,017;1,571;0,418;0,013;1,571;0,045;0,013;0,000
2,668;0,435;0,000;0,000;0,411;-0,035;1,571;0,427;0,004;1,571;0,423;-0,007;1,571;0,016;0,039;0,000
2,707;0,442;0,000;0,000;0,434;0,006;1,571;0,435;-0,004;1,571;0,434;-0,002;1,571;0,001;-0,011;0,000
2,759;0,451;0,000;0,000;0,410;-0,002;1,571;0,450;0,020;1,571;0,439;0,013;1,571;0,040;0,022;0,000
2,814;0,461;0,000;0,000;0,469;0,033;1,571;0,477;-0,015;1,571;0,475;-0,002;1,571;0,008;-0,049;0,000
2,914;0,478;0,000;0,000;0,524;0,005;1,571;0,481;0,005;1,571;0,493;0,005;1,571;-0,043;0,000;0,000
2,977;0,488;0,000;0,000;0,505;-0,009;1,571;0,474;0,002;1,571;0,483;-0,001;1,571;-0,030;0,012;0,000
3,016;0,495;0,000;0,000;0,444;0,059;1,571;0,482;0,006;1,571;0,471;0,021;1,571;0,038;-0,053;0,000
3,052;0,502;0,000;0,000;0,510;-0,026;1,571;0,489;-0,007;1,571;0,495;-0,012;1,571;-0,022;0,019;0,000
3,085;0,507;0,000;0,000;0,489;-0,008;1,571;0,496;0,011;1,571;0,494;0,006;1,571;0,007;0,019;0,000
3,111;0,512;0,000;0,000;0,523;-0,011;1,571;0,527;0,005;1,571;0,526;0,001;1,571;0,004;0,016;0,000
3,138;0,515;0,000;0,000;0,458;-0,048;1,571;0,511;0,004;1,571;0,496;-0,011;1,571;0,052;0,052;0,000
3,165;0,520;0,000;0,000;0,461;0,011;1,571;0,528;0,018;1,571;0,509;0,016;1,571;0,067;0,007;0,000
3,187;0,524;0,000;0,000;0,500;0,025;1,571;0,541;0,010;1,571;0,529;0,014;1,571;0,040;-0,015;0,000
3,212;0,529;0,000;0,000;0,538;-0,014;1,571;0,513;0,011;1,571;0,520;0,004;1,571;-0,025;0,025;0,000
3,242;0,534;0,000;0,000;0,581;0,051;1,571;0,553;0,015;1,571;0,561;0,025;1,571;-0,027;-0,037;0,000
3,272;0,539;0,000;0,000;0,526;0,031;1,571;0,534;0,018;1,571;0,532;0,022;1,571;0,008;-0,013;0,000
3,306;0,544;0,000;0,000;0,572;0,028;1,571;0,549;0,013;1,571;0,556;0,018;1,571;-0,022;-0,015;0,000
3,336;0,549;0,000;0,000;0,525;0,022;1,571;0,556;-0,005;1,571;0,547;0,002;1,571;0,031;-0,027;0,000
3,367;0,554;0,000;0,000;0,532;0,046;1,571;0,542;0,019;1,571;0,539;0,027;1,571;0,010;-0,026;0,000
3,412;0,563;0,000;0,000;0,562;0,041;1,571;0,581;-0,001;1,571;0,576;0,011;1,571;0,019;-0,042;0,000
3,442;0,568;0,000;0,000;0,585;-0,047;1,571;0,570;0,010;1,571;0,574;-0,006;1,571;-0,015;0,056;0,000
3,467;0,571;0,000;0,000;0,539;-0,006;1,571;0,577;0,014;1,571;0,566;0,008;1,571;0,038;0,020;0,000
3,487;0,575;0,000;0,000;0,583;-0,027;1,571;0,562;0,002;1,571;0,568;-0,006;1,571;-0,021;0,029;0,000
3,514;0,580;0,000;0,000;0,550;0,028;1,571;0,579;-0,014;1,571;0,571;-0,002;1,571;0,028;-0,042;0,000
3,544;0,585;0,000;0,000;0,528;0,031;1,571;0,566;0,003;1,571;0,555;0,011;1,571;0,037;-0,028;0,000
3,585;0,592;0,000;0,000;0,610;-0,024;1,571;0,602;-0,020;1,571;0,604;-0,021;1,571;-0,007;0,004;0,000
3,618;0,597;0,000;0,000;0,601;0,030;1,571;0,603;0,012;1,571;0,602;0,017;1,571;0,001;-0,018;0,000
3,647;0,602;0,000;0,000;0,647;-0,004;1,571;0,602;-0,007;1,571;0,614;-0,006;1,571;-0,045;-0,003;0,000
3,678;0,607;0,000;0,000;0,647;-0,047;1,571;0,615;-0,003;1,571;0,624;-0,016;1,571;-0,032;0,044;0,000
3,705;0,612;0,000;0,000;0,631;-0,073;1,571;0,601;0,014;1,571;0,609;-0,010;1,571;-0,030;0,087;0,000
3,732;0,617;0,000;0,000;0,650;-0,009;1,571;0,637;-0,005;1,571;0,641;-0,006;1,571;-0,013;0,004;0,000
3,756;0,621;0,000;0,000;0,614;0,007;1,571;0,617;-0,005;1,571;0,616;-0,001;1,571;0,003;-0,012;0,000
3,784;0,626;0,000;0,000;0,666;-0,049;1,571;0,627;-0,004;1,571;0,638;-0,017;1,571;-0,039;0,045;0,000
3,813;0,631;0,000;0,000;0,659;0,008;1,571;0,613;0,019;1,571;0,626;0,016;1,571;-0,045;0,011;0,000
3,846;0,636;0,000;0,000;0,667;-0,003;1,571;0,645;-0,003;1,571;0,651;-0,003;1,571;-0,022;0,001;0,000
3,884;0,643;0,000;0,000;0,657;-0,010;1,571;0,641;-0,004;1,571;0,645;-0,006;1,571;-0,016;0,006;0,000
3,922;0,649;0,000;0,000;0,686;0,043;1,571;0,641;-0,015;1,571;0,654;0,001;1,571;-0,045;-0,058;0,000
3,947;0,653;0,000;0,000;0,612;0,031;1,571;0,664;0,016;1,571;0,649;0,020;1,571;0,052;-0,014;0,000
3,970;0,658;0,000;0,000;0,620;-0,024;1,571;0,660;-0,014;1,571;0,649;-0,017;1,571;0,040;0,009;0,000
3,996;0,661;0,000;0,000;0,697;0,023;1,571;0,667;0,016;1,571;0,675;0,018;1,571;-0,031;-0,008;0,000
4,020;0,666;0,000;0,000;0,674;0,015;1,571;0,678;-0,018;1,571;0,677;-0,009;1,571;0,004;-0,033;0,000
4,052;0,672;0,000;0,000;0,691;0,020;1,571;0,675;0,015;1,571;0,680;0,017;1,571;-0,015;-0,005;0,000
4,082;0,677;0,000;0,000;0,692;0,014;1,571;0,678;0,013;1,571;0,682;0,014;1,571;-0,014;0,000;0,000
4,112;0,682;0,000;0,000;0,729;-0,029;1,571;0,678;0,009;1,571;0,692;-0,002;1,571;-0,052;0,038;0,000
4,143;0,687;0,000;0,000;0,631;0,027;1,571;0,689;-0,020;1,571;0,673;-0,007;1,571;0,058;-0,047;0,000
4,170;0,690;0,000;0,000;0,672;-0,020;1,571;0,686;0,010;1,571;0,682;0,002;1,571;0,014;0,030;0,000
4,195;0,695;0,000;0,000;0,663;0,005;1,571;0,699;0,000;1,571;0,689;0,001;1,571;0,036;-0,005;0,000
4,216;0,699;0,000;0,000;0,683;-0,019;1,571;0,679;0,002;1,571;0,680;-0,004;1,571;-0,004;0,021;0,000
4,241;0,704;0,000;0,000;0,670;0,021;1,571;0,706;0,007;1,571;0,696;0,011;1,571;0,036;-0,014;0,000
4,267;0,707;0,000;0,000;0,645;-0,019;1,571;0,717;0,013;1,571;0,697;0,004;1,571;0,072;0,032;0,000
4,288;0,711;0,000;0,000;0,689;-0,010;1,571;0,711;-0,005;1,571;0,704;-0,006;1,571;0,022;0,006;0,000
4,313;0,716;0,000;0,000;0,769;-0,037;1,571;0,729;0,012;1,571;0,740;-0,002;1,571;-0,040;0,050;0,000
4,341;0,721;0,000;0,000;0,752;0,045;1,571;0,738;0,007;1,571;0,742;0,017;1,571;-0,014;-0,039;0,000
4,374;0,726;0,000;0,000;0,713;-0,009;1,571;0,727;-0,010;1,571;0,723;-0,010;1,571;0,013;-0,001;0,000
4,409;0,731;0,000;0,000;0,760;-0,027;1,571;0,717;-0,018;1,571;0,729;-0,021;1,571;-0,043;0,009;0,000
4,445;0,738;0,000;0,000;0,746;-0,008;1,571;0,719;-0,010;1,571;0,726;-0,009;1,571;-0,027;-0,002;0,000
4,482;0,745;0,000;0,000;0,762;-0,005;1,571;0,754;-0,013;1,571;0,756;-0,011;1,571;-0,007;-0,008;0,000
4,510;0,748;0,000;0,000;0,758;-0,020;1,571;0,762;-0,011;1,571;0,761;-0,014;1,571;0,004;0,009;0,000
4,534;0,753;0,000;0,000;0,770;0,038;1,571;0,735;-0,008;1,571;0,745;0,005;1,571;-0,034;-0,046;0,000
4,561;0,758;0,000;0,000;0,782;0,041;1,571;0,743;0,019;1,571;0,754;0,025;1,571;-0,039;-0,022;0,000
4,586;0,762;0,000;0,000;0,738;0,001;1,571;0,756;0,003;1,571;0,750;0,003;1,571;0,018;0,002;0,000
4,616;0,767;0,000;0,000;0,753;0,050;1,571;0,771;0,004;1,571;0,766;0,017;1,571;0,018;-0,046;0,000
4,642;0,772;0,000;0,000;0,751;0,044;1,571;0,780;0,002;1,571;0,772;0,013;1,571;0,028;-0,043;0,000
4,672;0,777;0,000;0,000;0,736;0,030;1,571;0,775;-0,017;1,571;0,764;-0,004;1,571;0,039;-0,047;0,000
4,701;0,782;0,000;0,000;0,723;0,044;1,571;0,802;-0,008;1,571;0,780;0,007;1,571;0,079;-0,052;0,000
4,730;0,785;0,000;0,000;0,783;-0,010;1,571;0,772;-0,008;1,571;0,775;-0,008;1,571;-0,012;0,002;0,000
4,751;0,790;0,000;0,000;0,752;-0,028;1,571;0,781;-0,016;1,571;0,773;-0,019;1,571;0,029;0,011;0,000
4,790;0,797;0,000;0,000;0,729;0,054;1,571;0,784;0,012;1,571;0,768;0,024;1,571;0,055;-0,041;0,000
4,824;0,802;0,000;0,000;0,852;-0,042;1,571;0,792;0,011;1,571;0,809;-0,004;1,571;-0,060;0,053;0,000
4,866;0,809;0,000;0,000;0,814;-0,025;1,571;0,808;0,013;1,571;0,810;0,002;1,571;-0,006;0,038;0,000
4,908;0,816;0,000;0,000;0,788;0,029;1,571;0,803;0,000;1,571;0,799;0,009;1,571;0,015;-0,029;0,000
4,939;0,821;0,000;0,000;0,784;-0,043;1,571;0,829;-0,014;1,571;0,817;-0,022;1,571;0,045;0,029;0,000
4,966;0,826;0,000;0,000;0,803;-0,026;1,571;0,808;-0,004;1,571;0,807;-0,010;1,571;0,005;0,022;0,000
4,991;0,831;0,000;0,000;0,797;-0,019;1,571;0,835;0,005;1,571;0,824;-0,002;1,571;0,038;0,024;0,000
5,019;0,835;0,000;0,000;0,806;0,012;1,571;0,836;-0,017;1,571;0,828;-0,009;1,571;0,030;-0,029;0,000
5,045;0,840;0,000;0,000;0,870;0,005;1,571;0,824;-0,003;1,571;0,837;-0,001;1,571;-0,045;-0,008;0,000
5,071;0,845;0,000;0,000;0,854;0,005;1,571;0,858;0,018;1,571;0,857;0,014;1,571;0,004;0,013;0,000
5,098;0,848;0,000;0,000;0,810;0,031;1,571;0,860;-0,008;1,571;0,846;0,003;1,571;0,049;-0,039;0,000
5,122;0,853;0,000;0,000;0,823;0,057;1,571;0,864;0,010;1,571;0,853;0,023;1,571;0,041;-0,047;0,000
5,147;0,857;0,000;0,000;0,857;-0,005;1,571;0,860;0,000;1,571;0,859;-0,001;1,571;0,003;0,005;0,000
5,173;0,862;0,000;0,000;0,898;0,018;1,571;0,867;-0,009;1,571;0,876;-0,001;1,571;-0,031;-0,027;0,000
5,202;0,867;0,000;0,000;0,899;-0,020;1,571;0,861;-0,001;1,571;0,871;-0,006;1,571;-0,038;0,019;0,000
5,233;0,872;0,000;0,000;0,862;0,019;1,571;0,862;-0,011;1,571;0,862;-0,003;1,571;0,000;-0,030;0,000
5,259;0,875;0,000;0,000;0,889;0,037;1,571;0,876;0,016;1,571;0,880;0,022;1,571;-0,013;-0,021;0,000
5,286;0,881;0,000;0,000;0,840;-0,027;1,571;0,882;0,007;1,571;0,870;-0,003;1,571;0,042;0,034;0,000
5,315;0,886;0,000;0,000;0,892;0,027;1,571;0,892;-0,014;1,571;0,892;-0,002;1,571;0,000;-0,041;0,000
5,348;0,891;0,000;0,000;0,925;-0,024;1,571;0,904;0,018;1,571;0,910;0,006;1,571;-0,021;0,042;0,000
5,379;0,896;0,000;0,000;0,927;0,049;1,571;0,915;0,006;1,571;0,918;0,018;1,571;-0,012;-0,043;0,000
5,410;0,901;0,000;0,000;0,949;0,047;1,571;0,914;-0,008;1,571;0,924;0,007;1,571;-0,035;-0,056;0,000
5,437;0,906;0,000;0,000;0,922;0,007;1,571;0,918;0,013;1,571;0,919;0,011;1,571;-0,005;0,006;0,000
5,464;0,911;0,000;0,000;0,892;0,018;1,571;0,920;0,003;1,571;0,912;0,008;1,571;0,027;-0,015;0,000
5,490;0,916;0,000;0,000;0,909;0,010;1,571;0,919;-0,017;1,571;0,917;-0,009;1,571;0,011;-0,027;0,000
5,517;0,920;0,000;0,000;0,883;-0,026;1,571;0,914;0,017;1,571;0,905;0,005;1,571;0,031;0,043;0,000
5,545;0,925;0,000;0,000;0,905;0,038;1,571;0,917;-0,011;1,571;0,914;0,003;1,571;0,011;-0,048;0,000
5,579;0,930;0,000;0,000;0,895;-0,025;1,571;0,918;0,010;1,571;0,911;0,000;1,571;0,023;0,034;0,000
5,618;0,937;0,000;0,000;0,954;-0,005;1,571;0,924;-0,012;1,571;0,933;-0,010;1,571;-0,030;-0,007;0,000
5,659;0,943;0,000;0,000;0,938;-0,030;1,571;0,928;0,000;1,571;0,931;-0,009;1,571;-0,010;0,030;0,000
5,705;0,952;0,000;0,000;0,983;0,002;1,571;0,942;-0,016;1,571;0,953;-0,011;1,571;-0,041;-0,018;0,000
5,748;0,959;0,000;0,000;0,967;-0,027;1,571;0,977;0,016;1,571;0,974;0,004;1,571;0,010;0,043;0,000
5,784;0,966;0,000;0,000;1,003;0,031;1,571;0,963;-0,001;1,571;0,974;0,008;1,571;-0,040;-0,032;0,000
5,831;0,974;0,000;0,000;0,993;0,005;1,571;0,975;0,014;1,571;0,980;0,011;1,571;-0,018;0,009;0,000
5,875;0,981;0,000;0,000;0,987;-0,001;1,571;0,972;0,005;1,571;0,976;0,003;1,571;-0,015;0,006;0,000
6,144;1,027;0,000;0,000;1,019;-0,002;1,571;1,016;0,008;1,571;1,017;0,005;1,571;-0,004;0,009;0,000
6,268;1,047;0,000;0,000;1,019;0,037;1,571;1,052;-0,017;1,571;1,043;-0,002;1,571;0,033;-0,053;0,000
6,324;1,057;0,000;0,000;1,077;0,008;1,571;1,070;0,019;1,571;1,072;0,016;1,571;-0,007;0,011;0,000
6,359;1,062;0,000;0,000;1,092;0,005;1,571;1,078;-0,012;1,571;1,082;-0,007;1,571;-0,014;-0,017;0,000
6,675;1,117;0,000;0,000;1,158;-0,022;1,571;1,105;-0,006;1,571;1,120;-0,010;1,571;-0,053;0,016;0,000
6,779;1,134;0,000;0,000;1,189;0,046;1,571;1,143;0,007;1,571;1,156;0,018;1,571;-0,047;-0,039;0,000
6,841;1,146;0,000;0,000;1,169;0,014;1,571;1,165;-0,006;1,571;1,166;0,000;1,571;-0,004;-0,020;0,000
6,900;1,156;0,000;0,000;1,103;-0,037;1,571;1,160;0,004;1,571;1,144;-0,008;1,571;0,058;0,041;0,000
6,946;1,163;0,000;0,000;1,112;-0,016;1,571;1,152;0,007;1,571;1,141;0,001;1,571;0,039;0,023;0,000
6,996;1,171;0,000;0,000;1,199;-0,033;1,571;1,172;0,010;1,571;1,180;-0,002;1,571;-0,027;0,043;0,000
7,039;1,178;0,000;0,000;1,154;0,031;1,571;1,177;-0,017;1,571;1,171;-0,004;1,571;0,023;-0,048;0,000
7,078;1,185;0,000;0,000;1,211;0,019;1,571;1,202;-0,009;1,571;1,205;-0,001;1,571;-0,008;-0,028;0,000
7,135;1,195;0,000;0,000;1,211;0,018;1,571;1,203;0,001;1,571;1,205;0,006;1,571;-0,008;-0,017;0,000
7,182;1,204;0,000;0,000;1,216;-0,022;1,571;1,219;0,012;1,571;1,218;0,003;1,571;0,004;0,034;0,000
7,230;1,210;0,000;0,000;1,233;-0,024;1,571;1,206;-0,020;1,571;1,213;-0,021;1,571;-0,027;0,004;0,000
7,268;1,217;0,000;0,000;1,251;0,043;1,571;1,226;0,004;1,571;1,233;0,015;1,571;-0,025;-0,039;0,000
7,308;1,224;0,000;0,000;1,258;-0,032;1,571;1,241;-0,014;1,571;1,245;-0,019;1,571;-0,017;0,018;0,000
7,345;1,231;0,000;0,000;1,219;0,030;1,571;1,223;-0,014;1,571;1,222;-0,002;1,571;0,004;-0,045;0,000
7,383;1,238;0,000;0,000;1,210;-0,026;1,571;1,256;-0,002;1,571;1,243;-0,009;1,571;0,046;0,023;0,000
7,421;1,244;0,000;0,000;1,263;-0,032;1,571;1,239;-0,010;1,571;1,245;-0,016;1,571;-0,025;0,022;0,000
7,477;1,253;0,000;0,000;1,283;-0,014;1,571;1,268;-0,010;1,571;1,272;-0,011;1,571;-0,016;0,004;0,000
7,535;1,263;0,000;0,000;1,240;-0,023;1,571;1,281;0,014;1,571;1,269;0,003;1,571;0,041;0,037;0,000
7,579;1,270;0,000;0,000;1,287;-0,020;1,571;1,257;0,002;1,571;1,265;-0,004;1,571;-0,030;0,022;0,000
7,615;1,277;0,000;0,000;1,260;-0,013;1,571;1,271;0,010;1,571;1,268;0,004;1,571;0,010;0,023;0,000
7,664;1,285;0,000;0,000;1,287;-0,021;1,571;1,278;0,017;1,571;1,280;0,006;1,571;-0,009;0,038;0,000
7,707;1,292;0,000;0,000;1,321;-0,010;1,571;1,285;-0,014;1,571;1,295;-0,013;1,571;-0,035;-0,005;0,000
7,741;1,299;0,000;0,000;1,289;-0,055;1,571;1,315;-0,015;1,571;1,308;-0,026;1,571;0,025;0,040;0,000
7,779;1,304;0,000;0,000;1,253;0,020;1,571;1,321;0,014;1,571;1,302;0,016;1,571;0,068;-0,006;0,000
7,812;1,311;0,000;0,000;1,316;0,016;1,571;1,329;-0,010;1,571;1,325;-0,003;1,571;0,012;-0,026;0,000
7,853;1,318;0,000;0,000;1,316;-0,017;1,571;1,304;-0,001;1,571;1,307;-0,006;1,571;-0,012;0,016;0,000
7,904;1,326;0,000;0,000;1,288;0,044;1,571;1,325;-0,009;1,571;1,315;0,006;1,571;0,037;-0,053;0,000
7,955;1,335;0,000;0,000;1,364;0,012;1,571;1,335;0,006;1,571;1,343;0,008;1,571;-0,029;-0,006;0,000
8,007;1,343;0,000;0,000;1,373;-0,020;1,571;1,332;-0,017;1,571;1,343;-0,018;1,571;-0,041;0,003;0,000
8,057;1,352;0,000;0,000;1,362;0,055;1,571;1,351;0,018;1,571;1,354;0,028;1,571;-0,011;-0,037;0,000
8,106;1,360;0,000;0,000;1,404;-0,014;1,571;1,364;0,019;1,571;1,375;0,010;1,571;-0,040;0,034;0,000
8,153;1,369;0,000;0,000;1,305;-0,003;1,571;1,356;0,002;1,571;1,342;0,001;1,571;0,051;0,005;0,000
8,199;1,375;0,000;0,000;1,386;0,033;1,571;1,392;0,010;1,571;1,391;0,017;1,571;0,006;-0,022;0,000
8,238;1,382;0,000;0,000;1,372;0,031;1,571;1,370;-0,016;1,571;1,371;-0,003;1,571;-0,001;-0,047;0,000
8,277;1,389;0,000;0,000;1,360;0,033;1,571;1,401;0,004;1,571;1,390;0,012;1,571;0,041;-0,028;0,000
8,324;1,397;0,000;0,000;1,394;0,001;1,571;1,390;0,009;1,571;1,391;0,007;1,571;-0,004;0,007;0,000
8,367;1,404;0,000;0,000;1,380;-0,067;1,571;1,388;-0,001;1,571;1,386;-0,019;1,571;0,008;0,066;0,000
8,408;1,411;0,000;0,000;1,441;-0,035;1,571;1,391;-0,009;1,571;1,405;-0,016;1,571;-0,049;0,025;0,000
8,448;1,418;0,000;0,000;1,386;0,067;1,571;1,429;0,016;1,571;1,417;0,030;1,571;0,043;-0,051;0,000
8,488;1,425;0,000;0,000;1,408;-0,044;1,571;1,444;0,006;1,571;1,434;-0,008;1,571;0,036;0,050;0,000
8,530;1,431;0,000;0,000;1,410;0,007;1,571;1,445;-0,005;1,571;1,435;-0,002;1,571;0,035;-0,012;0,000
8,567;1,438;0,000;0,000;1,465;-0,007;1,571;1,431;-0,019;1,571;1,440;-0,016;1,571;-0,035;-0,012;0,000
8,612;1,447;0,000;0,000;1,432;0,028;1,571;1,453;0,004;1,571;1,447;0,011;1,571;0,021;-0,023;0,000
8,654;1,454;0,000;0,000;1,423;-0,023;1,571;1,463;0,018;1,571;1,452;0,007;1,571;0,040;0,041;0,000
8,695;1,460;0,000;0,000;1,439;-0,006;1,571;1,471;0,018;1,571;1,462;0,011;1,571;0,032;0,024;0,000
8,732;1,467;0,000;0,000;1,495;-0,045;1,571;1,470;0,007;1,571;1,477;-0,008;1,571;-0,025;0,052;0,000
8,765;1,472;0,000;0,000;1,431;-0,005;1,571;1,488;-0,008;1,571;1,472;-0,008;1,571;0,057;-0,003;0,000
8,796;1,477;0,000;0,000;1,452;0,023;1,571;1,484;0,002;1,571;1,475;0,008;1,571;0,032;-0,021;0,000
8,832;1,484;0,000;0,000;1,424;0,011;1,571;1,472;0,015;1,571;1,459;0,014;1,571;0,049;0,004;0,000
8,868;1,489;0,000;0,000;1,466;0,037;1,571;1,488;0,003;1,571;1,482;0,012;1,571;0,022;-0,034;0,000
8,902;1,496;0,000;0,000;1,453;-0,026;1,571;1,500;0,019;1,571;1,487;0,006;1,571;0,047;0,045;0,000
8,937;1,501;0,000;0,000;1,477;-0,013;1,571;1,498;-0,016;1,571;1,492;-0,015;1,571;0,020;-0,002;0,000
8,968;1,506;0,000;0,000;1,502;0,044;1,571;1,522;0,018;1,571;1,516;0,026;1,571;0,019;-0,026;0,000
9,011;1,515;0,000;0,000;1,472;0,039;1,571;1,518;-0,014;1,571;1,505;0,001;1,571;0,046;-0,054;0,000
9,067;1,523;0,000;0,000;1,488;-0,041;1,571;1,539;-0,007;1,571;1,525;-0,017;1,571;0,051;0,034;0,000
9,113;1,532;0,000;0,000;1,530;0,014;1,571;1,526;0,019;1,571;1,527;0,018;1,571;-0,004;0,005;0,000
9,167;1,540;0,000;0,000;1,523;-0,001;1,571;1,540;0,011;1,571;1,535;0,008;1,571;0,017;0,012;0,000
9,211;1,549;0,000;0,000;1,546;0,008;1,571;1,542;0,012;1,571;1,543;0,011;1,571;-0,003;0,004;0,000
9,273;1,559;0,000;0,000;1,509;-0,032;1,571;1,561;-0,008;1,571;1,546;-0,015;1,571;0,052;0,023;0,000
9,321;1,567;0,000;0,000;1,571;-0,008;1,571;1,583;0,011;1,571;1,580;0,005;1,571;0,012;0,019;0,000
9,372;1,576;0,000;0,000;1,582;-0,030;1,571;1,579;-0,004;1,571;1,580;-0,011;1,571;-0,003;0,026;0,000
9,414;1,583;0,000;0,000;1,614;0,040;1,571;1,565;0,001;1,571;1,579;0,012;1,571;-0,049;-0,039;0,000
9,464;1,591;0,000;0,000;1,621;0,018;1,571;1,599;0,018;1,571;1,605;0,018;1,571;-0,022;0,000;0,000
9,494;1,596;0,000;0,000;1,551;-0,018;1,571;1,600;-0,018;1,571;1,586;-0,018;1,571;0,049;0,000;0,000
9,535;1,603;0,000;0,000;1,630;0,025;1,571;1,596;0,007;1,571;1,606;0,012;1,571;-0,034;-0,017;0,000
9,570;1,608;0,000;0,000;1,565;-0,044;1,571;1,596;-0,010;1,571;1,588;-0,020;1,571;0,031;0,034;0,000
9,601;1,615;0,000;0,000;1,615;0,034;1,571;1,617;-0,001;1,571;1,616;0,009;1,571;0,001;-0,034;0,000
9,636;1,620;0,000;0,000;1,618;-0,036;1,571;1,602;0,011;1,571;1,606;-0,002;1,571;-0,017;0,047;0,000
9,671;1,627;0,000;0,000;1,602;0,015;1,571;1,634;-0,018;1,571;1,625;-0,009;1,571;0,032;-0,033;0,000
9,710;1,632;0,000;0,000;1,588;-0,006;1,571;1,626;-0,013;1,571;1,615;-0,011;1,571;0,038;-0,007;0,000
9,746;1,639;0,000;0,000;1,641;-0,016;1,571;1,630;0,008;1,571;1,633;0,002;1,571;-0,011;0,024;0,000
9,785;1,646;0,000;0,000;1,686;-0,034;1,571;1,658;0,014;1,571;1,666;0,001;1,571;-0,027;0,047;0,000
9,823;1,652;0,000;0,000;1,621;0,045;1,571;1,667;-0,006;1,571;1,654;0,008;1,571;0,046;-0,051;0,000
9,871;1,661;0,000;0,000;1,641;-0,033;1,571;1,677;0,011;1,571;1,667;-0,001;1,571;0,036;0,045;0,000
9,910;1,666;0,000;0,000;1,648;0,053;1,571;1,671;-0,002;1,571;1,664;0,014;1,571;0,023;-0,055;0,000
9,941;1,673;0,000;0,000;1,651;0,016;1,571;1,672;0,011;1,571;1,666;0,012;1,571;0,021;-0,005;0,000
9,974;1,678;0,000;0,000;1,711;0,009;1,571;1,691;-0,005;1,571;1,696;-0,001;1,571;-0,020;-0,014;0,000
10,000;1,683;0,000;0,000;1,721;-0,029;1,571;1,688;-0,013;1,571;1,697;-0,017;1,571;-0,033;0,016;0,000
10,034;1,688;0,000;0,000;1,710;0,052;1,571;1,672;0,019;1,571;1,683;0,028;1,571;-0,038;-0,032;0,000
10,065;1,693;0,000;0,000;1,691;0,009;1,571;1,705;0,004;1,571;1,701;0,005;1,571;0,014;-0,004;0,000
10,094;1,698;0,000;0,000;1,661;-0,014;1,571;1,688;-0,004;1,571;1,680;-0,007;1,571;0,027;0,010;0,000
10,119;1,702;0,000;0,000;1,684;-0,035;1,571;1,701;-0,017;1,571;1,696;-0,022;1,571;0,017;0,018;0,000
10,148;1,707;0,000;0,000;1,699;-0,028;1,571;1,723;-0,006;1,571;1,716;-0,012;1,571;0,024;0,023;0,000
10,183;1,714;0,000;0,000;1,687;0,006;1,571;1,698;-0,015;1,571;1,695;-0,009;1,571;0,012;-0,022;0,000
10,217;1,719;0,000;0,000;1,682;0,044;1,571;1,729;0,011;1,571;1,716;0,021;1,571;0,047;-0,032;0,000
10,248;1,724;0,000;0,000;1,703;0,051;1,571;1,725;-0,009;1,571;1,719;0,008;1,571;0,022;-0,060;0,000
10,285;1,731;0,000;0,000;1,755;0,058;1,571;1,713;0,014;1,571;1,725;0,026;1,571;-0,041;-0,044;0,000
10,355;1,743;0,000;0,000;1,766;0,042;1,571;1,761;-0,002;1,571;1,762;0,011;1,571;-0,005;-0,044;0,000
10,403;1,751;0,000;0,000;1,732;0,034;1,571;1,756;0,017;1,571;1,749;0,022;1,571;0,023;-0,017;0,000
10,456;1,760;0,000;0,000;1,735;0,023;1,571;1,777;0,004;1,571;1,765;0,010;1,571;0,042;-0,019;0,000
10,501;1,768;0,000;0,000;1,789;0,023;1,571;1,752;0,013;1,571;1,763;0,016;1,571;-0,037;-0,010;0,000
10,538;1,773;0,000;0,000;1,775;0,025;1,571;1,781;0,016;1,571;1,779;0,018;1,571;0,005;-0,009;0,000
10,570;1,780;0,000;0,000;1,741;-0,059;1,571;1,761;-0,016;1,571;1,755;-0,028;1,571;0,020;0,043;0,000
10,606;1,785;0,000;0,000;1,805;0,041;1,571;1,788;0,004;1,571;1,793;0,014;1,571;-0,017;-0,037;0,000
10,654;1,794;0,000;0,000;1,791;0,030;1,571;1,789;0,000;1,571;1,790;0,008;1,571;-0,002;-0,030;0,000
10,724;1,805;0,000;0,000;1,797;0,028;1,571;1,811;-0,007;1,571;1,808;0,003;1,571;0,014;-0,036;0,000
10,785;1,816;0,000;0,000;1,784;-0,028;1,571;1,833;0,012;1,571;1,819;0,001;1,571;0,049;0,039;0,000
10,833;1,824;0,000;0,000;1,811;-0,024;1,571;1,834;-0,014;1,571;1,828;-0,016;1,571;0,023;0,010;0,000
10,884;1,833;0,000;0,000;1,836;0,047;1,571;1,832;0,000;1,571;1,833;0,013;1,571;-0,003;-0,047;0,000
10,981;1,850;0,000;0,000;1,802;0,009;1,571;1,836;0,020;1,571;1,826;0,017;1,571;0,034;0,011;0,000
11,107;1,870;0,000;0,000;1,868;0,048;1,571;1,883;0,006;1,571;1,879;0,018;1,571;0,015;-0,042;0,000
11,246;1,894;0,000;0,000;1,863;0,041;1,571;1,900;0,003;1,571;1,890;0,014;1,571;0,036;-0,037;0,000
11,368;1,914;0,000;0,000;1,873;0,000;1,571;1,903;0,000;1,571;1,895;0,000;1,571;0,030;-0,001;0,000
11,428;1,924;0,000;0,000;1,974;-0,063;1,571;1,915;-0,020;1,571;1,932;-0,032;1,571;-0,059;0,044;0,000
11,479;1,933;0,000;0,000;1,907;0,000;1,571;1,943;0,014;1,571;1,933;0,010;1,571;0,036;0,015;0,000
11,524;1,941;0,000;0,000;2,007;-0,001;1,571;1,944;0,009;1,571;1,962;0,007;1,571;-0,062;0,010;0,000
11,575;1,950;0,000;0,000;1,956;0,013;1,571;1,967;0,019;1,571;1,964;0,017;1,571;0,011;0,006;0,000
11,628;1,958;0,000;0,000;1,918;-0,035;1,571;1,967;-0,007;1,571;1,954;-0,015;1,571;0,050;0,028;0,000
11,667;1,965;0,000;0,000;1,898;0,040;1,571;1,970;0,000;1,571;1,950;0,011;1,571;0,072;-0,040;0,000
11,706;1,972;0,000;0,000;1,980;0,023;1,571;1,983;-0,006;1,571;1,982;0,002;1,571;0,003;-0,029;0,000
11,741;1,979;0,000;0,000;1,917;-0,003;1,571;1,993;-0,004;1,571;1,972;-0,004;1,571;0,076;-0,002;0,000
11,775;1,984;0,000;0,000;2,020;-0,019;1,571;1,984;-0,011;1,571;1,994;-0,013;1,571;-0,036;0,008;0,000
11,805;1,989;0,000;0,000;1,966;-0,021;1,571;1,994;-0,019;1,571;1,986;-0,020;1,571;0,028;0,001;0,000
11,845;1,996;0,000;0,000;2,001;0,051;1,571;2,015;0,001;1,571;2,011;0,015;1,571;0,014;-0,050;0,000
12,001;2,023;0,000;0,000;2,052;-0,040;1,571;2,014;-0,015;1,571;2,025;-0,022;1,571;-0,039;0,025;0,000
12,080;2,037;0,000;0,000;2,076;-0,033;1,571;2,048;0,013;1,571;2,056;0,000;1,571;-0,028;0,047;0,000
12,127;2,043;0,000;0,000;2,058;0,046;1,571;2,035;-0,003;1,571;2,041;0,011;1,571;-0,023;-0,049;0,000
12,168;2,050;0,000;0,000;2,005;0,046;1,571;2,035;0,003;1,571;2,027;0,015;1,571;0,030;-0,043;0,000
12,203;2,057;0,000;0,000;2,005;0,020;1,571;2,052;0,000;1,571;2,039;0,006;1,571;0,048;-0,020;0,000
12,241;2,064;0,000;0,000;2,009;-0,002;1,571;2,083;-0,015;1,571;2,062;-0,012;1,571;0,074;-0,013;0,000
12,276;2,069;0,000;0,000;2,097;0,000;1,571;2,072;0,009;1,571;2,079;0,006;1,571;-0,024;0,009;0,000
12,309;2,074;0,000;0,000;2,046;-0,004;1,571;2,079;-0,018;1,571;2,070;-0,014;1,571;0,033;-0,014;0,000
12,340;2,079;0,000;0,000;2,070;-0,058;1,571;2,085;0,009;1,571;2,081;-0,010;1,571;0,016;0,067;0,000
12,372;2,086;0,000;0,000;2,118;0,062;1,571;2,084;0,001;1,571;2,093;0,018;1,571;-0,034;-0,062;0,000
12,407;2,091;0,000;0,000;2,098;-0,032;1,571;2,111;-0,001;1,571;2,107;-0,010;1,571;0,012;0,031;0,000
12,436;2,096;0,000;0,000;2,124;-0,001;1,571;2,114;-0,008;1,571;2,117;-0,006;1,571;-0,010;-0,007;0,000
12,466;2,101;0,000;0,000;2,098;-0,016;1,571;2,105;-0,009;1,571;2,103;-0,011;1,571;0,007;0,007;0,000
12,497;2,106;0,000;0,000;2,079;-0,051;1,571;2,122;-0,016;1,571;2,110;-0,026;1,571;0,043;0,035;0,000
12,520;2,111;0,000;0,000;2,051;0,027;1,571;2,095;-0,016;1,571;2,083;-0,004;1,571;0,044;-0,044;0,000
12,548;2,115;0,000;0,000;2,091;0,061;1,571;2,129;-0,013;1,571;2,119;0,008;1,571;0,039;-0,074;0,000
12,578;2,120;0,000;0,000;2,154;-0,041;1,571;2,125;0,015;1,571;2,133;-0,001;1,571;-0,029;0,055;0,000
12,613;2,127;0,000;0,000;2,153;-0,038;1,571;2,117;-0,019;1,571;2,127;-0,024;1,571;-0,035;0,020;0,000
12,649;2,132;0,000;0,000;2,133;0,045;1,571;2,134;-0,002;1,571;2,133;0,011;1,571;0,001;-0,047;0,000
12,680;2,139;0,000;0,000;2,115;-0,030;1,571;2,126;-0,006;1,571;2,123;-0,012;1,571;0,011;0,024;0,000
12,714;2,144;0,000;0,000;2,183;-0,029;1,571;2,138;-0,019;1,571;2,151;-0,021;1,571;-0,045;0,010;0,000
12,744;2,149;0,000;0,000;2,194;0,022;1,571;2,151;0,014;1,571;2,163;0,017;1,571;-0,043;-0,007;0,000
12,776;2,154;0,000;0,000;2,137;0,054;1,571;2,174;-0,019;1,571;2,164;0,002;1,571;0,036;-0,073;0,000
12,814;2,161;0,000;0,000;2,121;-0,021;1,571;2,143;0,006;1,571;2,137;-0,001;1,571;0,023;0,027;0,000
12,866;2,169;0,000;0,000;2,150;0,032;1,571;2,186;-0,014;1,571;2,176;-0,001;1,571;0,036;-0,046;0,000
12,911;2,178;0,000;0,000;2,207;-0,056;1,571;2,177;-0,012;1,571;2,185;-0,025;1,571;-0,030;0,044;0,000
12,979;2,188;0,000;0,000;2,183;0,016;1,571;2,189;0,018;1,571;2,187;0,017;1,571;0,006;0,002;0,000
13,029;2,196;0,000;0,000;2,172;-0,036;1,571;2,212;-0,015;1,571;2,201;-0,021;1,571;0,040;0,022;0,000
13,068;2,203;0,000;0,000;2,169;0,022;1,571;2,215;-0,009;1,571;2,202;0,000;1,571;0,046;-0,031;0,000
13,097;2,208;0,000;0,000;2,232;0,014;1,571;2,228;-0,005;1,571;2,229;0,000;1,571;-0,005;-0,019;0,000
13,120;2,212;0,000;0,000;2,189;0,015;1,571;2,210;-0,002;1,571;2,204;0,003;1,571;0,021;-0,017;0,000
13,151;2,219;0,000;0,000;2,190;0,010;1,571;2,229;0,005;1,571;2,218;0,007;1,571;0,039;-0,004;0,000
13,188;2,224;0,000;0,000;2,261;-0,008;1,571;2,204;0,004;1,571;2,220;0,001;1,571;-0,056;0,012;0,000
13,219;2,229;0,000;0,000;2,271;-0,046;1,571;2,212;-0,018;1,571;2,229;-0,026;1,571;-0,059;0,028;0,000
13,261;2,237;0,000;0,000;2,226;0,049;1,571;2,230;0,011;1,571;2,229;0,022;1,571;0,004;-0,037;0,000
13,306;2,244;0,000;0,000;2,202;-0,027;1,571;2,261;-0,010;1,571;2,244;-0,015;1,571;0,059;0,017;0,000
13,354;2,253;0,000;0,000;2,312;0,028;1,571;2,250;-0,012;1,571;2,267;-0,001;1,571;-0,062;-0,040;0,000
13,410;2,263;0,000;0,000;2,231;0,007;1,571;2,247;0,007;1,571;2,243;0,007;1,571;0,017;0,000;0,000
13,471;2,273;0,000;0,000;2,314;0,057;1,571;2,282;-0,001;1,571;2,291;0,016;1,571;-0,032;-0,058;0,000
13,507;2,278;0,000;0,000;2,302;-0,043;1,571;2,279;-0,020;1,571;2,286;-0,026;1,571;-0,022;0,023;0,000
13,537;2,283;0,000;0,000;2,260;-0,047;1,571;2,291;0,018;1,571;2,282;0,000;1,571;0,031;0,066;0,000
13,567;2,288;0,000;0,000;2,266;-0,005;1,571;2,275;-0,016;1,571;2,272;-0,013;1,571;0,008;-0,010;0,000
13,600;2,293;0,000;0,000;2,282;0,000;1,571;2,296;-0,007;1,571;2,292;-0,005;1,571;0,014;-0,007;0,000
13,637;2,300;0,000;0,000;2,318;-0,043;1,571;2,298;0,014;1,571;2,304;-0,002;1,571;-0,020;0,058;0,000
13,679;2,307;0,000;0,000;2,335;0,023;1,571;2,293;0,019;1,571;2,305;0,020;1,571;-0,042;-0,004;0,000
13,729;2,315;0,000;0,000;2,358;0,024;1,571;2,331;-0,001;1,571;2,338;0,006;1,571;-0,027;-0,026;0,000
13,775;2,324;0,000;0,000;2,348;0,020;1,571;2,325;0,013;1,571;2,331;0,015;1,571;-0,024;-0,007;0,000
13,827;2,332;0,000;0,000;2,329;0,035;1,571;2,319;-0,013;1,571;2,322;0,001;1,571;-0,010;-0,048;0,000
13,881;2,343;0,000;0,000;2,336;0,043;1,571;2,349;-0,014;1,571;2,346;0,002;1,571;0,013;-0,057;0,000
13,956;2,355;0,000;0,000;2,324;-0,026;1,571;2,369;0,010;1,571;2,356;-0,001;1,571;0,044;0,036;0,000
14,022;2,366;0,000;0,000;2,361;-0,015;1,571;2,354;-0,012;1,571;2,356;-0,013;1,571;-0,006;0,003;0,000
14,095;2,378;0,000;0,000;2,319;-0,044;1,571;2,369;0,007;1,571;2,355;-0,008;1,571;0,050;0,050;0,000
14,150;2,387;0,000;0,000;2,339;0,047;1,571;2,374;-0,004;1,571;2,364;0,010;1,571;0,035;-0,052;0,000
14,204;2,397;0,000;0,000;2,441;0,023;1,571;2,417;0,015;1,571;2,423;0,017;1,571;-0,025;-0,008;0,000
14,252;2,406;0,000;0,000;2,419;-0,022;1,571;2,395;-0,006;1,571;2,402;-0,011;1,571;-0,024;0,015;0,000
14,308;2,414;0,000;0,000;2,462;0,030;1,571;2,404;-0,004;1,571;2,420;0,006;1,571;-0,058;-0,034;0,000
14,364;2,424;0,000;0,000;2,447;0,010;1,571;2,412;-0,006;1,571;2,422;-0,001;1,571;-0,035;-0,016;0,000
14,417;2,433;0,000;0,000;2,472;0,038;1,571;2,452;0,015;1,571;2,458;0,021;1,571;-0,020;-0,023;0,000
14,475;2,443;0,000;0,000;2,485;0,025;1,571;2,438;-0,009;1,571;2,451;0,001;1,571;-0,047;-0,034;0,000
14,543;2,455;0,000;0,000;2,493;0,049;1,571;2,454;-0,002;1,571;2,465;0,012;1,571;-0,040;-0,052;0,000
14,602;2,465;0,000;0,000;2,419;-0,030;1,571;2,477;-0,009;1,571;2,461;-0,015;1,571;0,058;0,021;0,000
14,656;2,474;0,000;0,000;2,483;-0,008;1,571;2,455;-0,008;1,571;2,463;-0,008;1,571;-0,028;0,001;0,000
14,731;2,487;0,000;0,000;2,506;-0,024;1,571;2,469;-0,017;1,571;2,479;-0,019;1,571;-0,037;0,008;0,000
14,817;2,501;0,000;0,000;2,521;0,044;1,571;2,486;0,001;1,571;2,496;0,013;1,571;-0,035;-0,043;0,000
14,941;2,523;0,000;0,000;2,551;-0,020;1,571;2,542;0,006;1,571;2,545;-0,001;1,571;-0,009;0,026;0,000
15,033;2,538;0,000;0,000;2,514;-0,049;1,571;2,546;0,007;1,571;2,537;-0,008;1,571;0,032;0,057;0,000
15,110;2,550;0,000;0,000;2,524;-0,025;1,571;2,563;0,008;1,571;2,552;-0,001;1,571;0,038;0,033;0,000
15,170;2,560;0,000;0,000;2,535;-0,028;1,571;2,548;0,016;1,571;2,545;0,004;1,571;0,013;0,043;0,000
15,213;2,569;0,000;0,000;2,551;0,006;1,571;2,586;0,009;1,571;2,576;0,008;1,571;0,035;0,002;0,000
15,249;2,574;0,000;0,000;2,572;-0,023;1,571;2,558;-0,007;1,571;2,562;-0,012;1,571;-0,014;0,016;0,000
15,280;2,579;0,000;0,000;2,558;0,019;1,571;2,586;0,011;1,571;2,578;0,013;1,571;0,029;-0,008;0,000
15,320;2,587;0,000;0,000;2,541;-0,056;1,571;2,577;-0,018;1,571;2,567;-0,028;1,571;0,036;0,039;0,000
15,368;2,594;0,000;0,000;2,543;0,009;1,571;2,595;-0,005;1,571;2,580;-0,001;1,571;0,052;-0,014;0,000
15,407;2,601;0,000;0,000;2,569;-0,032;1,571;2,596;-0,016;1,571;2,588;-0,021;1,571;0,027;0,016;0,000
15,445;2,608;0,000;0,000;2,567;0,045;1,571;2,609;-0,002;1,571;2,597;0,011;1,571;0,043;-0,047;0,000
15,480;2,613;0,000;0,000;2,558;-0,012;1,571;2,599;-0,012;1,571;2,587;-0,012;1,571;0,040;0,000;0,000
15,511;2,620;0,000;0,000;2,557;0,035;1,571;2,613;-0,013;1,571;2,597;0,000;1,571;0,056;-0,048;0,000
15,543;2,625;0,000;0,000;2,603;0,023;1,571;2,620;-0,015;1,571;2,615;-0,004;1,571;0,017;-0,038;0,000
15,575;2,630;0,000;0,000;2,625;-0,011;1,571;2,622;0,008;1,571;2,623;0,003;1,571;-0,003;0,020;0,000
15,610;2,635;0,000;0,000;2,695;0,012;1,571;2,628;-0,001;1,571;2,647;0,003;1,571;-0,067;-0,013;0,000
15,647;2,642;0,000;0,000;2,605;0,020;1,571;2,630;0,009;1,571;2,623;0,012;1,571;0,025;-0,011;0,000
15,694;2,650;0,000;0,000;2,661;-0,035;1,571;2,655;0,003;1,571;2,657;-0,008;1,571;-0,007;0,038;0,000
15,755;2,660;0,000;0,000;2,667;-0,015;1,571;2,647;-0,004;1,571;2,652;-0,007;1,571;-0,020;0,011;0,000
15,829;2,672;0,000;0,000;2,672;0,010;1,571;2,668;-0,002;1,571;2,669;0,001;1,571;-0,004;-0,012;0,000
15,893;2,684;0,000;0,000;2,731;0,059;1,571;2,700;-0,017;1,571;2,708;0,004;1,571;-0,031;-0,076;0,000
15,940;2,691;0,000;0,000;2,718;-0,023;1,571;2,684;0,017;1,571;2,694;0,006;1,571;-0,034;0,041;0,000
15,976;2,698;0,000;0,000;2,704;0,004;1,571;2,707;-0,007;1,571;2,707;-0,003;1,571;0,003;-0,011;0,000
16,028;2,706;0,000;0,000;2,687;-0,014;1,571;2,716;0,009;1,571;2,708;0,002;1,571;0,029;0,023;0,000
16,070;2,713;0,000;0,000;2,708;0,041;1,571;2,708;-0,003;1,571;2,708;0,009;1,571;0,000;-0,044;0,000
16,120;2,722;0,000;0,000;2,737;-0,016;1,571;2,724;-0,008;1,571;2,728;-0,010;1,571;-0,013;0,008;0,000
16,163;2,730;0,000;0,000;2,739;0,023;1,571;2,742;0,002;1,571;2,741;0,008;1,571;0,003;-0,021;0,000
16,212;2,739;0,000;0,000;2,737;0,010;1,571;2,734;0,006;1,571;2,735;0,007;1,571;-0,003;-0,004;0,000
16,251;2,745;0,000;0,000;2,757;-0,010;1,571;2,749;-0,004;1,571;2,751;-0,006;1,571;-0,008;0,005;0,000
16,299;2,752;0,000;0,000;2,800;-0,011;1,571;2,756;-0,016;1,571;2,769;-0,014;1,571;-0,044;-0,005;0,000
16,330;2,757;0,000;0,000;2,761;0,034;1,571;2,746;-0,015;1,571;2,750;-0,001;1,571;-0,015;-0,050;0,000
16,367;2,764;0,000;0,000;2,730;-0,031;1,571;2,773;-0,009;1,571;2,761;-0,015;1,571;0,043;0,022;0,000
16,401;2,771;0,000;0,000;2,792;-0,021;1,571;2,757;0,016;1,571;2,767;0,006;1,571;-0,035;0,037;0,000
16,435;2,776;0,000;0,000;2,819;0,024;1,571;2,767;0,017;1,571;2,781;0,019;1,571;-0,052;-0,007;0,000
16,468;2,781;0,000;0,000;2,773;-0,032;1,571;2,800;-0,002;1,571;2,792;-0,010;1,571;0,027;0,030;0,000
16,507;2,788;0,000;0,000;2,815;0,006;1,571;2,782;-0,017;1,571;2,792;-0,010;1,571;-0,033;-0,023;0,000
16,553;2,796;0,000;0,000;2,733;-0,032;1,571;2,816;0,012;1,571;2,793;0,000;1,571;0,083;0,043;0,000
16,617;2,807;0,000;0,000;2,855;0,062;1,571;2,824;0,010;1,571;2,832;0,025;1,571;-0,031;-0,052;0,000
16,683;2,819;0,000;0,000;2,770;0,043;1,571;2,807;0,012;1,571;2,797;0,021;1,571;0,036;-0,031;0,000
16,739;2,827;0,000;0,000;2,789;-0,031;1,571;2,829;-0,008;1,571;2,818;-0,014;1,571;0,040;0,023;0,000
16,780;2,836;0,000;0,000;2,873;0,038;1,571;2,848;0,014;1,571;2,855;0,021;1,571;-0,024;-0,025;0,000
16,848;2,846;0,000;0,000;2,901;-0,032;1,571;2,859;-0,019;1,571;2,871;-0,023;1,571;-0,041;0,013;0,000
16,911;2,858;0,000;0,000;2,805;-0,033;1,571;2,839;-0,005;1,571;2,829;-0,012;1,571;0,034;0,028;0,000
16,982;2,870;0,000;0,000;2,882;0,037;1,571;2,854;0,011;1,571;2,862;0,018;1,571;-0,029;-0,026;0,000
17,075;2,885;0,000;0,000;2,918;0,039;1,571;2,895;0,018;1,571;2,901;0,024;1,571;-0,023;-0,021;0,000
17,179;2,902;0,000;0,000;2,890;0,019;1,571;2,912;0,011;1,571;2,906;0,013;1,571;0,022;-0,009;0,000
17,252;2,915;0,000;0,000;2,911;0,007;1,571;2,918;0,009;1,571;2,916;0,009;1,571;0,007;0,002;0,000
17,304;2,924;0,000;0,000;2,906;-0,017;1,571;2,936;0,007;1,571;2,927;0,000;1,571;0,030;0,025;0,000
17,342;2,931;0,000;0,000;2,951;-0,026;1,571;2,942;0,017;1,571;2,944;0,005;1,571;-0,010;0,043;0,000
17,378;2,936;0,000;0,000;2,968;-0,001;1,571;2,943;0,019;1,571;2,950;0,013;1,571;-0,024;0,021;0,000
17,428;2,944;0,000;0,000;3,005;0,070;1,571;2,940;0,001;1,571;2,958;0,020;1,571;-0,065;-0,069;0,000
17,493;2,956;0,000;0,000;2,996;0,005;1,571;2,966;-0,009;1,571;2,974;-0,005;1,571;-0,030;-0,014;0,000
17,582;2,972;0,000;0,000;3,000;-0,023;1,571;2,952;0,003;1,571;2,965;-0,004;1,571;-0,048;0,025;0,000
17,671;2,987;0,000;0,000;2,994;0,007;1,571;2,993;-0,010;1,571;2,993;-0,005;1,571;-0,001;-0,017;0,000
17,726;2,995;0,000;0,000;3,026;0,021;1,571;2,993;0,013;1,571;3,002;0,015;1,571;-0,032;-0,009;0,000
17,772;3,004;0,000;0,000;2,951;0,001;1,571;3,014;-0,016;1,571;2,997;-0,011;1,571;0,063;-0,017;0,000
17,820;3,011;0,000;0,000;2,945;0,007;1,571;3,005;-0,008;1,571;2,988;-0,004;1,571;0,060;-0,015;0,000
17,869;3,019;0,000;0,000;3,034;-0,045;1,571;3,017;0,010;1,571;3,022;-0,005;1,571;-0,016;0,056;0,000
17,929;3,029;0,000;0,000;3,052;-0,041;1,571;3,027;-0,006;1,571;3,034;-0,016;1,571;-0,025;0,035;0,000
17,995;3,041;0,000;0,000;3,074;0,005;1,571;3,038;0,019;1,571;3,048;0,015;1,571;-0,036;0,014;0,000
18,069;3,053;0,000;0,000;3,084;-0,003;1,571;3,043;0,011;1,571;3,054;0,007;1,571;-0,041;0,014;0,000
18,146;3,067;0,000;0,000;3,073;0,009;1,571;3,069;0,000;1,571;3,070;0,002;1,571;-0,005;-0,009;0,000
18,236;3,082;0,000;0,000;3,057;-0,039;1,571;3,099;0,001;1,571;3,087;-0,010;1,571;0,042;0,040;0,000
18,338;3,099;0,000;0,000;3,085;0,021;1,571;3,091;0,006;1,571;3,089;0,010;1,571;0,006;-0,016;0,000
18,400;3,111;0,000;0,000;3,139;0,060;1,571;3,101;0,017;1,571;3,111;0,029;1,571;-0,039;-0,042;0,000
18,470;3,121;0,000;0,000;3,151;0,004;1,571;3,136;-0,011;1,571;3,140;-0,007;1,571;-0,016;-0,015;0,000
18,543;3,135;0,000;0,000;3,199;0,049;1,571;3,123;0,007;1,571;3,144;0,019;1,571;-0,077;-0,042;0,000
18,638;3,150;0,000;0,000;3,189;-0,011;1,571;3,138;0,004;1,571;3,152;0,000;1,571;-0,050;0,015;0,000
18,729;3,165;0,000;0,000;3,144;0,058;1,571;3,159;0,000;1,571;3,155;0,016;1,571;0,015;-0,058;0,000
18,794;3,177;0,000;0,000;3,116;0,010;1,571;3,161;0,012;1,571;3,148;0,011;1,571;0,045;0,002;0,000
18,849;3,186;0,000;0,000;3,140;0,015;1,571;3,186;0,006;1,571;3,173;0,009;1,571;0,046;-0,009;0,000
18,902;3,196;0,000;0,000;3,211;-0,006;1,571;3,184;-0,006;1,571;3,192;-0,006;1,571;-0,027;0,000;0,000
18,951;3,204;0,000;0,000;3,204;-0,005;1,571;3,197;-0,010;1,571;3,199;-0,009;1,571;-0,007;-0,004;0,000
19,035;3,218;0,000;0,000;3,244;-0,036;1,571;3,203;0,017;1,571;3,215;0,002;1,571;-0,041;0,052;0,000
19,132;3,235;0,000;0,000;3,289;-0,023;1,571;3,228;-0,004;1,571;3,245;-0,009;1,571;-0,061;0,019;0,000
19,237;3,252;0,000;0,000;3,271;0,041;1,571;3,245;0,010;1,571;3,252;0,018;1,571;-0,026;-0,031;0,000
19,339;3,269;0,000;0,000;3,278;0,043;1,571;3,250;0,002;1,571;3,258;0,014;1,571;-0,028;-0,041;0,000
19,435;3,286;0,000;0,000;3,235;0,052;1,571;3,279;0,016;1,571;3,267;0,026;1,571;0,044;-0,036;0,000
19,506;3,298;0,000;0,000;3,329;0,013;1,571;3,303;-0,010;1,571;3,311;-0,004;1,571;-0,026;-0,023;0,000
19,566;3,308;0,000;0,000;3,256;0,039;1,571;3,297;0,001;1,571;3,285;0,012;1,571;0,040;-0,038;0,000
19,609;3,315;0,000;0,000;3,299;-0,059;1,571;3,331;-0,006;1,571;3,322;-0,021;1,571;0,032;0,053;0,000
19,649;3,322;0,000;0,000;3,290;-0,039;1,571;3,316;-0,006;1,571;3,308;-0,015;1,571;0,026;0,033;0,000
19,700;3,332;0,000;0,000;3,331;0,020;1,571;3,344;0,003;1,571;3,341;0,008;1,571;0,013;-0,017;0,000
19,741;3,339;0,000;0,000;3,318;-0,037;1,571;3,331;0,020;1,571;3,327;0,004;1,571;0,013;0,057;0,000
19,774;3,344;0,000;0,000;3,297;0,006;1,571;3,361;-0,008;1,571;3,343;-0,004;1,571;0,064;-0,013;0,000
19,814;3,351;0,000;0,000;3,323;0,029;1,571;3,340;-0,001;1,571;3,335;0,008;1,571;0,016;-0,029;0,000
19,850;3,357;0,000;0,000;3,292;0,030;1,571;3,367;-0,005;1,571;3,346;0,005;1,571;0,076;-0,034;0,000
19,900;3,366;0,000;0,000;3,370;0,063;1,571;3,374;-0,013;1,571;3,373;0,008;1,571;0,005;-0,076;0,000
19,942;3,373;0,000;0,000;3,306;-0,032;1,571;3,362;-0,007;1,571;3,347;-0,014;1,571;0,056;0,025;0,000
19,982;3,380;0,000;0,000;3,434;-0,037;1,571;3,376;0,001;1,571;3,392;-0,009;1,571;-0,057;0,038;0,000
20,026;3,386;0,000;0,000;3,355;0,016;1,571;3,399;0,017;1,571;3,386;0,016;1,571;0,044;0,000;0,000
20,066;3,393;0,000;0,000;3,416;0,073;1,571;3,412;0,002;1,571;3,413;0,022;1,571;-0,004;-0,071;0,000
20,104;3,400;0,000;0,000;3,445;0,035;1,571;3,384;-0,013;1,571;3,401;0,001;1,571;-0,060;-0,048;0,000
20,142;3,407;0,000;0,000;3,405;0,009;1,571;3,396;-0,020;1,571;3,399;-0,012;1,571;-0,009;-0,029;0,000
20,182;3,414;0,000;0,000;3,410;-0,006;1,571;3,403;-0,005;1,571;3,405;-0,006;1,571;-0,007;0,001;0,000
20,226;3,420;0,000;0,000;3,427;0,005;1,571;3,413;-0,011;1,571;3,417;-0,007;1,571;-0,014;-0,017;0,000
20,264;3,427;0,000;0,000;3,383;-0,022;1,571;3,428;-0,003;1,571;3,416;-0,008;1,571;0,046;0,019;0,000
20,300;3,432;0,000;0,000;3,446;-0,001;1,571;3,427;0,020;1,571;3,432;0,014;1,571;-0,020;0,020;0,000
20,342;3,441;0,000;0,000;3,477;0,028;1,571;3,426;0,010;1,571;3,440;0,015;1,571;-0,051;-0,017;0,000
20,407;3,451;0,000;0,000;3,420;-0,010;1,571;3,444;-0,005;1,571;3,437;-0,007;1,571;0,025;0,005;0,000
20,477;3,463;0,000;0,000;3,520;0,041;1,571;3,457;0,012;1,571;3,475;0,020;1,571;-0,062;-0,029;0,000
20,518;3,470;0,000;0,000;3,456;-0,023;1,571;3,475;-0,018;1,571;3,470;-0,019;1,571;0,020;0,005;0,000
20,553;3,476;0,000;0,000;3,438;0,005;1,571;3,490;-0,016;1,571;3,475;-0,010;1,571;0,052;-0,021;0,000
20,586;3,482;0,000;0,000;3,450;0,035;1,571;3,472;0,007;1,571;3,466;0,015;1,571;0,022;-0,028;0,000
20,617;3,487;0,000;0,000;3,494;-0,014;1,571;3,481;-0,019;1,571;3,485;-0,018;1,571;-0,013;-0,005;0,000
20,648;3,492;0,000;0,000;3,492;0,022;1,571;3,504;0,013;1,571;3,501;0,015;1,571;0,012;-0,009;0,000
20,696;3,500;0,000;0,000;3,436;-0,003;1,571;3,494;0,002;1,571;3,477;0,001;1,571;0,058;0,005;0,000
20,747;3,509;0,000;0,000;3,542;0,016;1,571;3,523;-0,017;1,571;3,529;-0,008;1,571;-0,019;-0,033;0,000
20,812;3,521;0,000;0,000;3,510;-0,051;1,571;3,531;0,015;1,571;3,525;-0,004;1,571;0,021;0,065;0,000
20,854;3,527;0,000;0,000;3,559;0,021;1,571;3,531;0,007;1,571;3,539;0,011;1,571;-0,027;-0,015;0,000
20,893;3,534;0,000;0,000;3,545;0,048;1,571;3,547;0,011;1,571;3,547;0,021;1,571;0,002;-0,037;0,000
20,925;3,539;0,000;0,000;3,534;0,053;1,571;3,545;-0,008;1,571;3,542;0,009;1,571;0,010;-0,062;0,000
20,949;3,543;0,000;0,000;3,541;0,022;1,571;3,529;0,002;1,571;3,533;0,007;1,571;-0,012;-0,021;0,000
20,976;3,548;0,000;0,000;3,563;0,040;1,571;3,567;0,007;1,571;3,566;0,016;1,571;0,004;-0,033;0,000
21,012;3,555;0,000;0,000;3,567;-0,055;1,571;3,559;-0,013;1,571;3,561;-0,025;1,571;-0,008;0,042;0,000
21,047;3,560;0,000;0,000;3,485;-0,001;1,571;3,576;0,016;1,571;3,551;0,011;1,571;0,091;0,017;0,000
21,079;3,565;0,000;0,000;3,555;0,034;1,571;3,557;0,007;1,571;3,557;0,014;1,571;0,002;-0,028;0,000
21,117;3,572;0,000;0,000;3,593;-0,051;1,571;3,569;-0,002;1,571;3,576;-0,016;1,571;-0,024;0,049;0,000
21,166;3,580;0,000;0,000;3,596;0,011;1,571;3,572;-0,014;1,571;3,579;-0,007;1,571;-0,024;-0,025;0,000
21,202;3,587;0,000;0,000;3,572;-0,006;1,571;3,595;-0,004;1,571;3,588;-0,005;1,571;0,023;0,002;0,000
21,236;3,592;0,000;0,000;3,559;-0,022;1,571;3,586;0,005;1,571;3,578;-0,003;1,571;0,027;0,027;0,000
21,268;3,597;0,000;0,000;3,603;-0,018;1,571;3,606;0,010;1,571;3,605;0,002;1,571;0,003;0,028;0,000
21,301;3,604;0,000;0,000;3,614;0,001;1,571;3,601;-0,019;1,571;3,604;-0,013;1,571;-0,014;-0,020;0,000
21,331;3,609;0,000;0,000;3,593;-0,013;1,571;3,627;-0,006;1,571;3,617;-0,008;1,571;0,035;0,007;0,000
21,370;3,616;0,000;0,000;3,539;0,001;1,571;3,617;-0,013;1,571;3,595;-0,009;1,571;0,077;-0,015;0,000
21,402;3,621;0,000;0,000;3,588;0,057;1,571;3,627;0,004;1,571;3,616;0,019;1,571;0,039;-0,054;0,000
21,430;3,626;0,000;0,000;3,634;-0,040;1,571;3,607;-0,005;1,571;3,614;-0,015;1,571;-0,027;0,035;0,000
21,467;3,631;0,000;0,000;3,603;0,003;1,571;3,627;-0,006;1,571;3,621;-0,003;1,571;0,024;-0,010;0,000
21,498;3,636;0,000;0,000;3,650;-0,013;1,571;3,620;0,011;1,571;3,628;0,004;1,571;-0,030;0,024;0,000
21,526;3,641;0,000;0,000;3,605;0,045;1,571;3,633;0,020;1,571;3,625;0,027;1,571;0,029;-0,025;0,000
21,557;3,646;0,000;0,000;3,682;-0,022;1,571;3,655;0,009;1,571;3,663;0,001;1,571;-0,026;0,031;0,000
21,599;3,653;0,000;0,000;3,653;0,072;1,571;3,634;-0,007;1,571;3,639;0,015;1,571;-0,019;-0,078;0,000
21,635;3,660;0,000;0,000;3,707;-0,003;1,571;3,656;0,000;1,571;3,670;-0,001;1,571;-0,051;0,003;0,000
21,673;3,667;0,000;0,000;3,654;0,021;1,571;3,649;-0,015;1,571;3,650;-0,005;1,571;-0,006;-0,037;0,000
21,705;3,672;0,000;0,000;3,671;-0,029;1,571;3,671;0,004;1,571;3,671;-0,005;1,571;0,001;0,034;0,000
21,743;3,679;0,000;0,000;3,659;0,029;1,571;3,694;-0,014;1,571;3,684;-0,002;1,571;0,035;-0,043;0,000
21,774;3,684;0,000;0,000;3,737;0,025;1,571;3,690;-0,001;1,571;3,703;0,007;1,571;-0,048;-0,026;0,000
21,806;3,689;0,000;0,000;3,726;0,047;1,571;3,707;0,011;1,571;3,712;0,021;1,571;-0,018;-0,037;0,000
21,844;3,696;0,000;0,000;3,721;0,008;1,571;3,697;0,006;1,571;3,704;0,007;1,571;-0,024;-0,002;0,000
21,883;3,703;0,000;0,000;3,674;-0,022;1,571;3,700;-0,014;1,571;3,693;-0,016;1,571;0,026;0,008;0,000
21,915;3,708;0,000;0,000;3,728;0,049;1,571;3,726;0,008;1,571;3,726;0,020;1,571;-0,002;-0,041;0,000
21,946;3,713;0,000;0,000;3,679;0,024;1,571;3,703;0,008;1,571;3,696;0,013;1,571;0,023;-0,015;0,000
21,983;3,720;0,000;0,000;3,687;-0,040;1,571;3,736;0,006;1,571;3,722;-0,007;1,571;0,049;0,046;0,000
22,014;3,725;0,000;0,000;3,715;-0,010;1,571;3,710;-0,003;1,571;3,711;-0,005;1,571;-0,006;0,007;0,000
22,045;3,730;0,000;0,000;3,669;-0,049;1,571;3,739;0,012;1,571;3,719;-0,005;1,571;0,070;0,061;0,000
22,079;3,735;0,000;0,000;3,745;-0,053;1,571;3,743;-0,018;1,571;3,744;-0,028;1,571;-0,002;0,035;0,000
22,111;3,742;0,000;0,000;3,791;0,035;1,571;3,738;-0,007;1,571;3,753;0,005;1,571;-0,053;-0,042;0,000
22,151;3,748;0,000;0,000;3,800;-0,012;1,571;3,748;-0,019;1,571;3,763;-0,017;1,571;-0,052;-0,007;0,000
22,209;3,757;0,000;0,000;3,735;-0,048;1,571;3,747;0,018;1,571;3,744;0,000;1,571;0,012;0,067;0,000
22,257;3,765;0,000;0,000;3,690;-0,043;1,571;3,774;-0,001;1,571;3,750;-0,013;1,571;0,084;0,042;0,000
22,301;3,774;0,000;0,000;3,748;0,033;1,571;3,792;0,011;1,571;3,780;0,017;1,571;0,045;-0,021;0,000
22,341;3,781;0,000;0,000;3,820;0,054;1,571;3,784;0,015;1,571;3,794;0,026;1,571;-0,036;-0,039;0,000
22,375;3,786;0,000;0,000;3,762;-0,051;1,571;3,768;0,002;1,571;3,767;-0,013;1,571;0,006;0,053;0,000
22,404;3,791;0,000;0,000;3,773;0,032;1,571;3,782;-0,013;1,571;3,779;-0,001;1,571;0,009;-0,046;0,000
22,444;3,798;0,000;0,000;3,809;-0,062;1,571;3,798;-0,003;1,571;3,802;-0,020;1,571;-0,011;0,059;0,000
22,478;3,803;0,000;0,000;3,826;-0,004;1,571;3,790;0,016;1,571;3,800;0,011;1,571;-0,037;0,020;0,000
22,510;3,808;0,000;0,000;3,819;-0,029;1,571;3,795;0,001;1,571;3,802;-0,008;1,571;-0,024;0,030;0,000
22,548;3,815;0,000;0,000;3,775;-0,020;1,571;3,828;0,008;1,571;3,813;0,000;1,571;0,053;0,028;0,000
22,580;3,820;0,000;0,000;3,849;-0,056;1,571;3,816;-0,003;1,571;3,825;-0,017;1,571;-0,034;0,053;0,000
22,622;3,828;0,000;0,000;3,816;0,013;1,571;3,824;0,011;1,571;3,822;0,011;1,571;0,008;-0,002;0,000
22,653;3,833;0,000;0,000;3,863;-0,002;1,571;3,846;0,002;1,571;3,851;0,001;1,571;-0,016;0,004;0,000
22,713;3,844;0,000;0,000;3,884;0,000;1,571;3,863;-0,001;1,571;3,869;-0,001;1,571;-0,021;0,000;0,000
22,824;3,862;0,000;0,000;3,881;-0,037;1,571;3,870;-0,005;1,571;3,873;-0,014;1,571;-0,012;0,032;0,000
23,157;3,918;0,000;0,000;3,905;0,049;1,571;3,922;0,010;1,571;3,917;0,021;1,571;0,018;-0,040;0,000
23,252;3,935;0,000;0,000;3,884;0,042;1,571;3,928;-0,019;1,571;3,916;-0,002;1,571;0,044;-0,061;0,000
23,294;3,942;0,000;0,000;3,894;0,001;1,571;3,923;0,008;1,571;3,915;0,006;1,571;0,029;0,007;0,000
23,331;3,949;0,000;0,000;3,993;0,007;1,571;3,941;0,005;1,571;3,956;0,006;1,571;-0,052;-0,002;0,000
23,371;3,956;0,000;0,000;3,961;-0,018;1,571;3,973;0,015;1,571;3,969;0,006;1,571;0,012;0,033;0,000
23,402;3,961;0,000;0,000;3,987;0,024;1,571;3,956;-0,018;1,571;3,965;-0,006;1,571;-0,031;-0,043;0,000
23,431;3,966;0,000;0,000;3,990;0,010;1,571;3,984;0,006;1,571;3,986;0,007;1,571;-0,006;-0,004;0,000
23,458;3,969;0,000;0,000;4,018;-0,033;1,571;3,980;-0,008;1,571;3,991;-0,015;1,571;-0,038;0,025;0,000
23,487;3,975;0,000;0,000;4,017;-0,009;1,571;3,974;0,003;1,571;3,986;0,000;1,571;-0,043;0,012;0,000
23,517;3,980;0,000;0,000;3,980;-0,019;1,571;3,978;-0,001;1,571;3,978;-0,006;1,571;-0,002;0,018;0,000
23,547;3,985;0,000;0,000;3,960;-0,036;1,571;3,990;0,000;1,571;3,981;-0,010;1,571;0,029;0,036;0,000
23,573;3,990;0,000;0,000;3,966;-0,012;1,571;3,994;-0,009;1,571;3,986;-0,010;1,571;0,029;0,003;0,000
23,602;3,995;0,000;0,000;4,003;-0,055;1,571;3,977;-0,017;1,571;3,984;-0,028;1,571;-0,025;0,038;0,000
23,632;4,000;0,000;0,000;4,023;-0,022;1,571;3,989;0,018;1,571;3,998;0,007;1,571;-0,034;0,039;0,000
23,672;4,007;0,000;0,000;3,964;0,028;1,571;3,990;-0,017;1,571;3,982;-0,005;1,571;0,026;-0,045;0,000
23,704;4,012;0,000;0,000;4,044;-0,039;1,571;4,013;-0,002;1,571;4,021;-0,013;1,571;-0,031;0,036;0,000
23,742;4,019;0,000;0,000;3,996;0,025;1,571;4,036;0,005;1,571;4,025;0,011;1,571;0,040;-0,019;0,000
23,777;4,024;0,000;0,000;4,044;-0,011;1,571;4,025;0,009;1,571;4,030;0,003;1,571;-0,019;0,020;0,000
23,821;4,032;0,000;0,000;4,013;-0,032;1,571;4,031;0,007;1,571;4,026;-0,004;1,571;0,019;0,038;0,000
23,859;4,037;0,000;0,000;4,050;0,026;1,571;4,050;-0,016;1,571;4,050;-0,004;1,571;-0,001;-0,041;0,000
23,894;4,044;0,000;0,000;4,083;0,050;1,571;4,048;-0,015;1,571;4,058;0,004;1,571;-0,035;-0,064;0,000
23,927;4,049;0,000;0,000;4,039;-0,008;1,571;4,046;0,006;1,571;4,044;0,002;1,571;0,006;0,014;0,000
23,958;4,054;0,000;0,000;4,085;0,016;1,571;4,035;0,007;1,571;4,049;0,010;1,571;-0,050;-0,008;0,000
23,991;4,061;0,000;0,000;4,057;0,049;1,571;4,062;-0,016;1,571;4,061;0,002;1,571;0,006;-0,065;0,000
24,027;4,066;0,000;0,000;4,036;0,006;1,571;4,065;-0,019;1,571;4,057;-0,012;1,571;0,030;-0,025;0,000
24,060;4,073;0,000;0,000;4,054;-0,047;1,571;4,062;-0,008;1,571;4,060;-0,019;1,571;0,008;0,039;0,000
24,094;4,078;0,000;0,000;4,097;-0,031;1,571;4,092;-0,010;1,571;4,094;-0,016;1,571;-0,004;0,021;0,000
24,128;4,083;0,000;0,000;4,044;0,020;1,571;4,102;0,015;1,571;4,086;0,016;1,571;0,057;-0,005;0,000
24,161;4,090;0,000;0,000;4,054;-0,027;1,571;4,109;0,004;1,571;4,094;-0,005;1,571;0,054;0,031;0,000
24,192;4,095;0,000;0,000;4,039;0,011;1,571;4,106;0,013;1,571;4,087;0,012;1,571;0,067;0,002;0,000
24,222;4,100;0,000;0,000;4,093;-0,015;1,571;4,112;-0,008;1,571;4,107;-0,010;1,571;0,019;0,007;0,000
24,255;4,105;0,000;0,000;4,087;0,049;1,571;4,099;0,018;1,571;4,095;0,026;1,571;0,012;-0,032;0,000
24,285;4,111;0,000;0,000;4,134;0,007;1,571;4,111;0,007;1,571;4,117;0,007;1,571;-0,024;0,000;0,000
24,316;4,116;0,000;0,000;4,164;0,036;1,571;4,124;0,011;1,571;4,135;0,018;1,571;-0,040;-0,025;0,000
24,349;4,121;0,000;0,000;4,105;0,033;1,571;4,121;0,018;1,571;4,117;0,022;1,571;0,016;-0,015;0,000
24,383;4,128;0,000;0,000;4,104;-0,005;1,571;4,137;0,009;1,571;4,128;0,005;1,571;0,033;0,014;0,000
